Workbook

Sheet How to use
A1: Salah Alarm per-video conversion tracker
A3: Yellow cells are inputs. Everything else is a formula.
A4: 1. Videos: one row per post. video_id = <account>-<MMDD>-<n>, e.g. tt03-1024-1. Paste 48h views from TikTok/IG/Zernio analytics.
A5: 2. Daily: one row per account per day. bio_clicks + video_link_clicks from PostHog (event link_clicked, breakdown by account / video).
A6: page_views, installs, proceeds from App Store Connect > App Analytics > Acquisition > Campaigns (filter by ct starting with the account id).
A7: trials / purchases from RevenueCat (new build) or App Store Connect Sales (old build).
A8: 3. Videos estimates an account-day's installs/trials onto each video in proportion to its views that day.
A9: Videos with their own v/ link (IG comment-to-DM, stories) also show exact direct clicks.
A10: 4. Formats tab is the scoreboard. Decide on installs per 10k views and trials per 10k views, not raw views.
A11: Early signals (available within hours; installs lag ~1 day): profile_view_rate = profile visits / views (main score),
A12: shares_saves_per_1k_views = (shares + saves) / views x 1000 (second score). Likes are ignored. After ~4 days, check on Formats
A13: whether these rank formats the same way installs do before trusting them alone.
... A18: Rule of thumb: don't call a winner below ~30 installs per format; Apple hides very small campaign counts.

Sheet Formats
A1: format | B1: description | C1: videos | D1: views | E1: est_clicks | F1: est_installs | G1: est_trials | H1: clicks_per_1k_views | I1: installs_per_10k_views | J1: trials_per_10k_views | K1: views_per_video | L1: profile_view_rate | M1: shares_saves_per_1k_views
A2: whatif | B2: What-if story videos | C2: =COUNTIF(Videos!$C:$C,A2) | D2: =SUMIF(Videos!$C:$C,A2,Videos!$F:$F) | E2: =SUMIF(Videos!$C:$C,A2,Videos!$L:$L) | F2: =SUMIF(Videos!$C:$C,A2,Videos!$M:$M) | G2: =SUMIF(Videos!$C:$C,A2,Videos!$N:$N) | H2: =IF(D2=0,"",E2/D2*1000) | I2: =IF(D2=0,"",F2/D2*10000) | J2: =IF(D2=0,"",G2/D2*10000) | K2: =IF(C2=0,"",D2/C2) | L2: =IF(D2=0,"",SUMIF(Videos!$C:$C,A2,Videos!$I:$I)/D2) | M2: =IF(D2=0,"",(SUMIF(Videos!$C:$C,A2,Videos!$H:$H)+SUMIF(Videos!$C:$C,A2,Videos!$Q:$Q))/D2*1000)
A3: anim | B3: Animated motion-graphic Muslim-niche topics | C3: =COUNTIF(Videos!$C:$C,A3) | D3: =SUMIF(Videos!$C:$C,A3,Videos!$F:$F) | E3: =SUMIF(Videos!$C:$C,A3,Videos!$L:$L) | F3: =SUMIF(Videos!$C:$C,A3,Videos!$M:$M) | G3: =SUMIF(Videos!$C:$C,A3,Videos!$N:$N) | H3: =IF(D3=0,"",E3/D3*1000) | I3: =IF(D3=0,"",F3/D3*10000) | J3: =IF(D3=0,"",G3/D3*10000) | K3: =IF(C3=0,"",D3/C3) | L3: =IF(D3=0,"",SUMIF(Videos!$C:$C,A3,Videos!$I:$I)/D3) | M3: =IF(D3=0,"",(SUMIF(Videos!$C:$C,A3,Videos!$H:$H)+SUMIF(Videos!$C:$C,A3,Videos!$Q:$Q))/D3*1000)
A4: alarm | B4: Alarm / prayer-mat demo (product shown) | C4: =COUNTIF(Videos!$C:$C,A4) | D4: =SUMIF(Videos!$C:$C,A4,Videos!$F:$F) | E4: =SUMIF(Videos!$C:$C,A4,Videos!$L:$L) | F4: =SUMIF(Videos!$C:$C,A4,Videos!$M:$M) | G4: =SUMIF(Videos!$C:$C,A4,Videos!$N:$N) | H4: =IF(D4=0,"",E4/D4*1000) | I4: =IF(D4=0,"",F4/D4*10000) | J4: =IF(D4=0,"",G4/D4*10000) | K4: =IF(C4=0,"",D4/C4) | L4: =IF(D4=0,"",SUMIF(Videos!$C:$C,A4,Videos!$I:$I)/D4) | M4: =IF(D4=0,"",(SUMIF(Videos!$C:$C,A4,Videos!$H:$H)+SUMIF(Videos!$C:$C,A4,Videos!$Q:$Q))/D4*1000)
A5: pov | B5: POV / relatable Fajr struggle | C5: =COUNTIF(Videos!$C:$C,A5) | D5: =SUMIF(Videos!$C:$C,A5,Videos!$F:$F) | E5: =SUMIF(Videos!$C:$C,A5,Videos!$L:$L) | F5: =SUMIF(Videos!$C:$C,A5,Videos!$M:$M) | G5: =SUMIF(Videos!$C:$C,A5,Videos!$N:$N) | H5: =IF(D5=0,"",E5/D5*1000) | I5: =IF(D5=0,"",F5/D5*10000) | J5: =IF(D5=0,"",G5/D5*10000) | K5: =IF(C5=0,"",D5/C5) | L5: =IF(D5=0,"",SUMIF(Videos!$C:$C,A5,Videos!$I:$I)/D5) | M5: =IF(D5=0,"",(SUMIF(Videos!$C:$C,A5,Videos!$H:$H)+SUMIF(Videos!$C:$C,A5,Videos!$Q:$Q))/D5*1000)
A6: ramadan | B6: Ramadan challenge teasers | C6: =COUNTIF(Videos!$C:$C,A6) | D6: =SUMIF(Videos!$C:$C,A6,Videos!$F:$F) | E6: =SUMIF(Videos!$C:$C,A6,Videos!$L:$L) | F6: =SUMIF(Videos!$C:$C,A6,Videos!$M:$M) | G6: =SUMIF(Videos!$C:$C,A6,Videos!$N:$N) | H6: =IF(D6=0,"",E6/D6*1000) | I6: =IF(D6=0,"",F6/D6*10000) | J6: =IF(D6=0,"",G6/D6*10000) | K6: =IF(C6=0,"",D6/C6) | L6: =IF(D6=0,"",SUMIF(Videos!$C:$C,A6,Videos!$I:$I)/D6) | M6: =IF(D6=0,"",(SUMIF(Videos!$C:$C,A6,Videos!$H:$H)+SUMIF(Videos!$C:$C,A6,Videos!$Q:$Q))/D6*1000)
A7: mixed | B7: Brand page, mixed formats | C7: =COUNTIF(Videos!$C:$C,A7) | D7: =SUMIF(Videos!$C:$C,A7,Videos!$F:$F) | E7: =SUMIF(Videos!$C:$C,A7,Videos!$L:$L) | F7: =SUMIF(Videos!$C:$C,A7,Videos!$M:$M) | G7: =SUMIF(Videos!$C:$C,A7,Videos!$N:$N) | H7: =IF(D7=0,"",E7/D7*1000) | I7: =IF(D7=0,"",F7/D7*10000) | J7: =IF(D7=0,"",G7/D7*10000) | K7: =IF(C7=0,"",D7/C7) | L7: =IF(D7=0,"",SUMIF(Videos!$C:$C,A7,Videos!$I:$I)/D7) | M7: =IF(D7=0,"",(SUMIF(Videos!$C:$C,A7,Videos!$H:$H)+SUMIF(Videos!$C:$C,A7,Videos!$Q:$Q))/D7*1000)
A8: seo | B8: SEO blog articles on salahalarm.com (one account per language) | C8: =COUNTIF(Videos!$C:$C,A8) | D8: =SUMIF(Videos!$C:$C,A8,Videos!$F:$F) | E8: =SUMIF(Videos!$C:$C,A8,Videos!$L:$L) | F8: =SUMIF(Videos!$C:$C,A8,Videos!$M:$M) | G8: =SUMIF(Videos!$C:$C,A8,Videos!$N:$N) | H8: =IF(D8=0,"",E8/D8*1000) | I8: =IF(D8=0,"",F8/D8*10000) | J8: =IF(D8=0,"",G8/D8*10000) | K8: =IF(C8=0,"",D8/C8) | L8: =IF(D8=0,"",SUMIF(Videos!$C:$C,A8,Videos!$I:$I)/D8) | M8: =IF(D8=0,"",(SUMIF(Videos!$C:$C,A8,Videos!$H:$H)+SUMIF(Videos!$C:$C,A8,Videos!$Q:$Q))/D8*1000)

Sheet Accounts
A1: account | B1: platform | C1: handle | D1: test_format | E1: bio_link
A2: ig1 | B2: instagram | C2: @salahalarm | D2: mixed | E2: https://salahalarm.com/go/ig1
A3: ig2 | B3: instagram | C3: @REPLACE_ME | D3: anim | E3: https://salahalarm.com/go/ig2
A4: tt01 | B4: tiktok | C4: @REPLACE_ME | D4: whatif | E4: https://salahalarm.com/go/tt01
A5: tt02 | B5: tiktok | C5: @REPLACE_ME | D5: whatif | E5: https://salahalarm.com/go/tt02
A6: tt03 | B6: tiktok | C6: @REPLACE_ME | D6: anim | E6: https://salahalarm.com/go/tt03
A7: tt04 | B7: tiktok | C7: @REPLACE_ME | D7: anim | E7: https://salahalarm.com/go/tt04
A8: tt05 | B8: tiktok | C8: @REPLACE_ME | D8: alarm | E8: https://salahalarm.com/go/tt05
A9: tt06 | B9: tiktok | C9: @REPLACE_ME | D9: alarm | E9: https://salahalarm.com/go/tt06
A10: tt07 | B10: tiktok | C10: @REPLACE_ME | D10: pov | E10: https://salahalarm.com/go/tt07
A11: tt08 | B11: tiktok | C11: @REPLACE_ME | D11: pov | E11: https://salahalarm.com/go/tt08
A12: tt09 | B12: tiktok | C12: @REPLACE_ME | D12: ramadan | E12: https://salahalarm.com/go/tt09
... A18: seo-ur | B18: web | C18: salahalarm.com/blog/ur/ | D18: seo | E18: https://salahalarm.com/go/seo-ur

Sheet Videos
A1: video_id | B1: account | C1: format | D1: hook | E1: posted_date | F1: views_48h | G1: likes | H1: shares | I1: profile_visits | J1: direct_link_clicks | K1: share_of_acct_day | L1: est_clicks | M1: est_installs | N1: est_trials | O1: installs_per_10k_views | P1: comments | Q1: saves | R1: profile_view_rate | S1: shares_saves_per_1k_views | T1: ← rows 2-5, Daily rows 2-4 and Search/Baseline row 2 are SAMPLE data, delete before use
A2: tt01-1024-1 | B2: tt01 | C2: whatif | D2: what-if-fajr-was-your-last | E2: 46319 | F2: 12000 | G2: 800 | H2: 90 | I2: 300 | J2: 0 | K2: =IF(OR(F2="",SUMIFS($F:$F,$B:$B,B2,$E:$E,E2)=0),"",IF(SUMIFS($I:$I,$B:$B,B2,$E:$E,E2)>0,N(I2)/SUMIFS($I:$I,$B:$B,B2,$E:$E,E2),F2/SUMIFS($F:$F,$B:$B,B2,$E:$E,E2))) | L2: =IF(K2="","",K2*SUMIFS(Daily!$D:$D,Daily!$B:$B,B2,Daily!$A:$A,E2)+N(J2)) | M2: =IF(K2="","",K2*SUMIFS(Daily!$G:$G,Daily!$B:$B,B2,Daily!$A:$A,E2)) | N2: =IF(K2="","",K2*SUMIFS(Daily!$H:$H,Daily!$B:$B,B2,Daily!$A:$A,E2)) | O2: =IF(OR(M2="",F2=0),"",M2/F2*10000) | P2: 120 | Q2: 300 | R2: =IF(OR(F2="",F2=0),"",N(I2)/F2) | S2: =IF(OR(F2="",F2=0),"",(N(H2)+N(Q2))/F2*1000)
A3: tt01-1024-2 | B3: tt01 | C3: whatif | D3: what-if-you-heard-adhan-in-jannah | E3: 46319 | F3: 4000 | G3: 210 | H3: 15 | I3: 80 | J3: 0 | K3: =IF(OR(F3="",SUMIFS($F:$F,$B:$B,B3,$E:$E,E3)=0),"",IF(SUMIFS($I:$I,$B:$B,B3,$E:$E,E3)>0,N(I3)/SUMIFS($I:$I,$B:$B,B3,$E:$E,E3),F3/SUMIFS($F:$F,$B:$B,B3,$E:$E,E3))) | L3: =IF(K3="","",K3*SUMIFS(Daily!$D:$D,Daily!$B:$B,B3,Daily!$A:$A,E3)+N(J3)) | M3: =IF(K3="","",K3*SUMIFS(Daily!$G:$G,Daily!$B:$B,B3,Daily!$A:$A,E3)) | N3: =IF(K3="","",K3*SUMIFS(Daily!$H:$H,Daily!$B:$B,B3,Daily!$A:$A,E3)) | O3: =IF(OR(M3="",F3=0),"",M3/F3*10000) | P3: 20 | Q3: 40 | R3: =IF(OR(F3="",F3=0),"",N(I3)/F3) | S3: =IF(OR(F3="",F3=0),"",(N(H3)+N(Q3))/F3*1000)
A4: tt05-1024-1 | B4: tt05 | C4: alarm | D4: alarm-stops-at-prayer-mat | E4: 46319 | F4: 6000 | G4: 500 | H4: 60 | I4: 400 | J4: 0 | K4: =IF(OR(F4="",SUMIFS($F:$F,$B:$B,B4,$E:$E,E4)=0),"",IF(SUMIFS($I:$I,$B:$B,B4,$E:$E,E4)>0,N(I4)/SUMIFS($I:$I,$B:$B,B4,$E:$E,E4),F4/SUMIFS($F:$F,$B:$B,B4,$E:$E,E4))) | L4: =IF(K4="","",K4*SUMIFS(Daily!$D:$D,Daily!$B:$B,B4,Daily!$A:$A,E4)+N(J4)) | M4: =IF(K4="","",K4*SUMIFS(Daily!$G:$G,Daily!$B:$B,B4,Daily!$A:$A,E4)) | N4: =IF(K4="","",K4*SUMIFS(Daily!$H:$H,Daily!$B:$B,B4,Daily!$A:$A,E4)) | O4: =IF(OR(M4="",F4=0),"",M4/F4*10000) | P4: 90 | Q4: 210 | R4: =IF(OR(F4="",F4=0),"",N(I4)/F4) | S4: =IF(OR(F4="",F4=0),"",(N(H4)+N(Q4))/F4*1000)
A5: ig1-1024-1 | B5: ig1 | C5: alarm | D5: alarm-stops-at-prayer-mat | E5: 46319 | F5: 9000 | G5: 700 | H5: 120 | I5: 500 | J5: 35 | K5: =IF(OR(F5="",SUMIFS($F:$F,$B:$B,B5,$E:$E,E5)=0),"",IF(SUMIFS($I:$I,$B:$B,B5,$E:$E,E5)>0,N(I5)/SUMIFS($I:$I,$B:$B,B5,$E:$E,E5),F5/SUMIFS($F:$F,$B:$B,B5,$E:$E,E5))) | L5: =IF(K5="","",K5*SUMIFS(Daily!$D:$D,Daily!$B:$B,B5,Daily!$A:$A,E5)+N(J5)) | M5: =IF(K5="","",K5*SUMIFS(Daily!$G:$G,Daily!$B:$B,B5,Daily!$A:$A,E5)) | N5: =IF(K5="","",K5*SUMIFS(Daily!$H:$H,Daily!$B:$B,B5,Daily!$A:$A,E5)) | O5: =IF(OR(M5="",F5=0),"",M5/F5*10000) | P5: 150 | Q5: 400 | R5: =IF(OR(F5="",F5=0),"",N(I5)/F5) | S5: =IF(OR(F5="",F5=0),"",(N(H5)+N(Q5))/F5*1000)
K6: =IF(OR(F6="",SUMIFS($F:$F,$B:$B,B6,$E:$E,E6)=0),"",IF(SUMIFS($I:$I,$B:$B,B6,$E:$E,E6)>0,N(I6)/SUMIFS($I:$I,$B:$B,B6,$E:$E,E6),F6/SUMIFS($F:$F,$B:$B,B6,$E:$E,E6))) | L6: =IF(K6="","",K6*SUMIFS(Daily!$D:$D,Daily!$B:$B,B6,Daily!$A:$A,E6)+N(J6)) | M6: =IF(K6="","",K6*SUMIFS(Daily!$G:$G,Daily!$B:$B,B6,Daily!$A:$A,E6)) | N6: =IF(K6="","",K6*SUMIFS(Daily!$H:$H,Daily!$B:$B,B6,Daily!$A:$A,E6)) | O6: =IF(OR(M6="",F6=0),"",M6/F6*10000) | R6: =IF(OR(F6="",F6=0),"",N(I6)/F6) | S6: =IF(OR(F6="",F6=0),"",(N(H6)+N(Q6))/F6*1000)
K7: =IF(OR(F7="",SUMIFS($F:$F,$B:$B,B7,$E:$E,E7)=0),"",IF(SUMIFS($I:$I,$B:$B,B7,$E:$E,E7)>0,N(I7)/SUMIFS($I:$I,$B:$B,B7,$E:$E,E7),F7/SUMIFS($F:$F,$B:$B,B7,$E:$E,E7))) | L7: =IF(K7="","",K7*SUMIFS(Daily!$D:$D,Daily!$B:$B,B7,Daily!$A:$A,E7)+N(J7)) | M7: =IF(K7="","",K7*SUMIFS(Daily!$G:$G,Daily!$B:$B,B7,Daily!$A:$A,E7)) | N7: =IF(K7="","",K7*SUMIFS(Daily!$H:$H,Daily!$B:$B,B7,Daily!$A:$A,E7)) | O7: =IF(OR(M7="",F7=0),"",M7/F7*10000) | R7: =IF(OR(F7="",F7=0),"",N(I7)/F7) | S7: =IF(OR(F7="",F7=0),"",(N(H7)+N(Q7))/F7*1000)
K8: =IF(OR(F8="",SUMIFS($F:$F,$B:$B,B8,$E:$E,E8)=0),"",IF(SUMIFS($I:$I,$B:$B,B8,$E:$E,E8)>0,N(I8)/SUMIFS($I:$I,$B:$B,B8,$E:$E,E8),F8/SUMIFS($F:$F,$B:$B,B8,$E:$E,E8))) | L8: =IF(K8="","",K8*SUMIFS(Daily!$D:$D,Daily!$B:$B,B8,Daily!$A:$A,E8)+N(J8)) | M8: =IF(K8="","",K8*SUMIFS(Daily!$G:$G,Daily!$B:$B,B8,Daily!$A:$A,E8)) | N8: =IF(K8="","",K8*SUMIFS(Daily!$H:$H,Daily!$B:$B,B8,Daily!$A:$A,E8)) | O8: =IF(OR(M8="",F8=0),"",M8/F8*10000) | R8: =IF(OR(F8="",F8=0),"",N(I8)/F8) | S8: =IF(OR(F8="",F8=0),"",(N(H8)+N(Q8))/F8*1000)
K9: =IF(OR(F9="",SUMIFS($F:$F,$B:$B,B9,$E:$E,E9)=0),"",IF(SUMIFS($I:$I,$B:$B,B9,$E:$E,E9)>0,N(I9)/SUMIFS($I:$I,$B:$B,B9,$E:$E,E9),F9/SUMIFS($F:$F,$B:$B,B9,$E:$E,E9))) | L9: =IF(K9="","",K9*SUMIFS(Daily!$D:$D,Daily!$B:$B,B9,Daily!$A:$A,E9)+N(J9)) | M9: =IF(K9="","",K9*SUMIFS(Daily!$G:$G,Daily!$B:$B,B9,Daily!$A:$A,E9)) | N9: =IF(K9="","",K9*SUMIFS(Daily!$H:$H,Daily!$B:$B,B9,Daily!$A:$A,E9)) | O9: =IF(OR(M9="",F9=0),"",M9/F9*10000) | R9: =IF(OR(F9="",F9=0),"",N(I9)/F9) | S9: =IF(OR(F9="",F9=0),"",(N(H9)+N(Q9))/F9*1000)
K10: =IF(OR(F10="",SUMIFS($F:$F,$B:$B,B10,$E:$E,E10)=0),"",IF(SUMIFS($I:$I,$B:$B,B10,$E:$E,E10)>0,N(I10)/SUMIFS($I:$I,$B:$B,B10,$E:$E,E10),F10/SUMIFS($F:$F,$B:$B,B10,$E:$E,E10))) | L10: =IF(K10="","",K10*SUMIFS(Daily!$D:$D,Daily!$B:$B,B10,Daily!$A:$A,E10)+N(J10)) | M10: =IF(K10="","",K10*SUMIFS(Daily!$G:$G,Daily!$B:$B,B10,Daily!$A:$A,E10)) | N10: =IF(K10="","",K10*SUMIFS(Daily!$H:$H,Daily!$B:$B,B10,Daily!$A:$A,E10)) | O10: =IF(OR(M10="",F10=0),"",M10/F10*10000) | R10: =IF(OR(F10="",F10=0),"",N(I10)/F10) | S10: =IF(OR(F10="",F10=0),"",(N(H10)+N(Q10))/F10*1000)
K11: =IF(OR(F11="",SUMIFS($F:$F,$B:$B,B11,$E:$E,E11)=0),"",IF(SUMIFS($I:$I,$B:$B,B11,$E:$E,E11)>0,N(I11)/SUMIFS($I:$I,$B:$B,B11,$E:$E,E11),F11/SUMIFS($F:$F,$B:$B,B11,$E:$E,E11))) | L11: =IF(K11="","",K11*SUMIFS(Daily!$D:$D,Daily!$B:$B,B11,Daily!$A:$A,E11)+N(J11)) | M11: =IF(K11="","",K11*SUMIFS(Daily!$G:$G,Daily!$B:$B,B11,Daily!$A:$A,E11)) | N11: =IF(K11="","",K11*SUMIFS(Daily!$H:$H,Daily!$B:$B,B11,Daily!$A:$A,E11)) | O11: =IF(OR(M11="",F11=0),"",M11/F11*10000) | R11: =IF(OR(F11="",F11=0),"",N(I11)/F11) | S11: =IF(OR(F11="",F11=0),"",(N(H11)+N(Q11))/F11*1000)
K12: =IF(OR(F12="",SUMIFS($F:$F,$B:$B,B12,$E:$E,E12)=0),"",IF(SUMIFS($I:$I,$B:$B,B12,$E:$E,E12)>0,N(I12)/SUMIFS($I:$I,$B:$B,B12,$E:$E,E12),F12/SUMIFS($F:$F,$B:$B,B12,$E:$E,E12))) | L12: =IF(K12="","",K12*SUMIFS(Daily!$D:$D,Daily!$B:$B,B12,Daily!$A:$A,E12)+N(J12)) | M12: =IF(K12="","",K12*SUMIFS(Daily!$G:$G,Daily!$B:$B,B12,Daily!$A:$A,E12)) | N12: =IF(K12="","",K12*SUMIFS(Daily!$H:$H,Daily!$B:$B,B12,Daily!$A:$A,E12)) | O12: =IF(OR(M12="",F12=0),"",M12/F12*10000) | R12: =IF(OR(F12="",F12=0),"",N(I12)/F12) | S12: =IF(OR(F12="",F12=0),"",(N(H12)+N(Q12))/F12*1000)
K13: =IF(OR(F13="",SUMIFS($F:$F,$B:$B,B13,$E:$E,E13)=0),"",IF(SUMIFS($I:$I,$B:$B,B13,$E:$E,E13)>0,N(I13)/SUMIFS($I:$I,$B:$B,B13,$E:$E,E13),F13/SUMIFS($F:$F,$B:$B,B13,$E:$E,E13))) | L13: =IF(K13="","",K13*SUMIFS(Daily!$D:$D,Daily!$B:$B,B13,Daily!$A:$A,E13)+N(J13)) | M13: =IF(K13="","",K13*SUMIFS(Daily!$G:$G,Daily!$B:$B,B13,Daily!$A:$A,E13)) | N13: =IF(K13="","",K13*SUMIFS(Daily!$H:$H,Daily!$B:$B,B13,Daily!$A:$A,E13)) | O13: =IF(OR(M13="",F13=0),"",M13/F13*10000) | R13: =IF(OR(F13="",F13=0),"",N(I13)/F13) | S13: =IF(OR(F13="",F13=0),"",(N(H13)+N(Q13))/F13*1000)
K14: =IF(OR(F14="",SUMIFS($F:$F,$B:$B,B14,$E:$E,E14)=0),"",IF(SUMIFS($I:$I,$B:$B,B14,$E:$E,E14)>0,N(I14)/SUMIFS($I:$I,$B:$B,B14,$E:$E,E14),F14/SUMIFS($F:$F,$B:$B,B14,$E:$E,E14))) | L14: =IF(K14="","",K14*SUMIFS(Daily!$D:$D,Daily!$B:$B,B14,Daily!$A:$A,E14)+N(J14)) | M14: =IF(K14="","",K14*SUMIFS(Daily!$G:$G,Daily!$B:$B,B14,Daily!$A:$A,E14)) | N14: =IF(K14="","",K14*SUMIFS(Daily!$H:$H,Daily!$B:$B,B14,Daily!$A:$A,E14)) | O14: =IF(OR(M14="",F14=0),"",M14/F14*10000) | R14: =IF(OR(F14="",F14=0),"",N(I14)/F14) | S14: =IF(OR(F14="",F14=0),"",(N(H14)+N(Q14))/F14*1000)
K15: =IF(OR(F15="",SUMIFS($F:$F,$B:$B,B15,$E:$E,E15)=0),"",IF(SUMIFS($I:$I,$B:$B,B15,$E:$E,E15)>0,N(I15)/SUMIFS($I:$I,$B:$B,B15,$E:$E,E15),F15/SUMIFS($F:$F,$B:$B,B15,$E:$E,E15))) | L15: =IF(K15="","",K15*SUMIFS(Daily!$D:$D,Daily!$B:$B,B15,Daily!$A:$A,E15)+N(J15)) | M15: =IF(K15="","",K15*SUMIFS(Daily!$G:$G,Daily!$B:$B,B15,Daily!$A:$A,E15)) | N15: =IF(K15="","",K15*SUMIFS(Daily!$H:$H,Daily!$B:$B,B15,Daily!$A:$A,E15)) | O15: =IF(OR(M15="",F15=0),"",M15/F15*10000) | R15: =IF(OR(F15="",F15=0),"",N(I15)/F15) | S15: =IF(OR(F15="",F15=0),"",(N(H15)+N(Q15))/F15*1000)
K16: =IF(OR(F16="",SUMIFS($F:$F,$B:$B,B16,$E:$E,E16)=0),"",IF(SUMIFS($I:$I,$B:$B,B16,$E:$E,E16)>0,N(I16)/SUMIFS($I:$I,$B:$B,B16,$E:$E,E16),F16/SUMIFS($F:$F,$B:$B,B16,$E:$E,E16))) | L16: =IF(K16="","",K16*SUMIFS(Daily!$D:$D,Daily!$B:$B,B16,Daily!$A:$A,E16)+N(J16)) | M16: =IF(K16="","",K16*SUMIFS(Daily!$G:$G,Daily!$B:$B,B16,Daily!$A:$A,E16)) | N16: =IF(K16="","",K16*SUMIFS(Daily!$H:$H,Daily!$B:$B,B16,Daily!$A:$A,E16)) | O16: =IF(OR(M16="",F16=0),"",M16/F16*10000) | R16: =IF(OR(F16="",F16=0),"",N(I16)/F16) | S16: =IF(OR(F16="",F16=0),"",(N(H16)+N(Q16))/F16*1000)
K17: =IF(OR(F17="",SUMIFS($F:$F,$B:$B,B17,$E:$E,E17)=0),"",IF(SUMIFS($I:$I,$B:$B,B17,$E:$E,E17)>0,N(I17)/SUMIFS($I:$I,$B:$B,B17,$E:$E,E17),F17/SUMIFS($F:$F,$B:$B,B17,$E:$E,E17))) | L17: =IF(K17="","",K17*SUMIFS(Daily!$D:$D,Daily!$B:$B,B17,Daily!$A:$A,E17)+N(J17)) | M17: =IF(K17="","",K17*SUMIFS(Daily!$G:$G,Daily!$B:$B,B17,Daily!$A:$A,E17)) | N17: =IF(K17="","",K17*SUMIFS(Daily!$H:$H,Daily!$B:$B,B17,Daily!$A:$A,E17)) | O17: =IF(OR(M17="",F17=0),"",M17/F17*10000) | R17: =IF(OR(F17="",F17=0),"",N(I17)/F17) | S17: =IF(OR(F17="",F17=0),"",(N(H17)+N(Q17))/F17*1000)
... K401: =IF(OR(F401="",SUMIFS($F:$F,$B:$B,B401,$E:$E,E401)=0),"",IF(SUMIFS($I:$I,$B:$B,B401,$E:$E,E401)>0,N(I401)/SUMIFS($I:$I,$B:$B,B401,$E:$E,E401),F401/SUMIFS($F:$F,$B:$B,B401,$E:$E,E401))) | L401: =IF(K401="","",K401*SUMIFS(Daily!$D:$D,Daily!$B:$B,B401,Daily!$A:$A,E401)+N(J401)) | M401: =IF(K401="","",K401*SUMIFS(Daily!$G:$G,Daily!$B:$B,B401,Daily!$A:$A,E401)) | N401: =IF(K401="","",K401*SUMIFS(Daily!$H:$H,Daily!$B:$B,B401,Daily!$A:$A,E401)) | O401: =IF(OR(M401="",F401=0),"",M401/F401*10000) | R401: =IF(OR(F401="",F401=0),"",N(I401)/F401) | S401: =IF(OR(F401="",F401=0),"",(N(H401)+N(Q401))/F401*1000)

Sheet Daily
A1: date | B1: account | C1: format | D1: bio_clicks | E1: video_link_clicks | F1: page_views | G1: installs | H1: trials | I1: purchases | J1: proceeds_usd | K1: views_posted_that_day | L1: clicks_per_1k_views | M1: click_to_install | N1: installs_per_10k_views
A2: 46319 | B2: tt01 | C2: =IF(B2="","",IFERROR(VLOOKUP(B2,Accounts!$A:$D,4,FALSE),"")) | D2: 48 | E2: 0 | F2: 90 | G2: 9 | H2: 2 | I2: 1 | J2: 25.5 | K2: =IF(B2="","",SUMIFS(Videos!$F:$F,Videos!$B:$B,B2,Videos!$E:$E,A2)) | L2: =IF(OR(K2="",K2=0),"",(D2+E2)/K2*1000) | M2: =IF(OR(B2="",D2+E2=0),"",G2/(D2+E2)) | N2: =IF(OR(K2="",K2=0),"",G2/K2*10000)
A3: 46319 | B3: tt05 | C3: =IF(B3="","",IFERROR(VLOOKUP(B3,Accounts!$A:$D,4,FALSE),"")) | D3: 40 | E3: 0 | F3: 70 | G3: 11 | H3: 3 | I3: 1 | J3: 25.5 | K3: =IF(B3="","",SUMIFS(Videos!$F:$F,Videos!$B:$B,B3,Videos!$E:$E,A3)) | L3: =IF(OR(K3="",K3=0),"",(D3+E3)/K3*1000) | M3: =IF(OR(B3="",D3+E3=0),"",G3/(D3+E3)) | N3: =IF(OR(K3="",K3=0),"",G3/K3*10000)
A4: 46319 | B4: ig1 | C4: =IF(B4="","",IFERROR(VLOOKUP(B4,Accounts!$A:$D,4,FALSE),"")) | D4: 30 | E4: 35 | F4: 80 | G4: 12 | H4: 2 | I4: 2 | J4: 51 | K4: =IF(B4="","",SUMIFS(Videos!$F:$F,Videos!$B:$B,B4,Videos!$E:$E,A4)) | L4: =IF(OR(K4="",K4=0),"",(D4+E4)/K4*1000) | M4: =IF(OR(B4="",D4+E4=0),"",G4/(D4+E4)) | N4: =IF(OR(K4="",K4=0),"",G4/K4*10000)
C5: =IF(B5="","",IFERROR(VLOOKUP(B5,Accounts!$A:$D,4,FALSE),"")) | K5: =IF(B5="","",SUMIFS(Videos!$F:$F,Videos!$B:$B,B5,Videos!$E:$E,A5)) | L5: =IF(OR(K5="",K5=0),"",(D5+E5)/K5*1000) | M5: =IF(OR(B5="",D5+E5=0),"",G5/(D5+E5)) | N5: =IF(OR(K5="",K5=0),"",G5/K5*10000)
C6: =IF(B6="","",IFERROR(VLOOKUP(B6,Accounts!$A:$D,4,FALSE),"")) | K6: =IF(B6="","",SUMIFS(Videos!$F:$F,Videos!$B:$B,B6,Videos!$E:$E,A6)) | L6: =IF(OR(K6="",K6=0),"",(D6+E6)/K6*1000) | M6: =IF(OR(B6="",D6+E6=0),"",G6/(D6+E6)) | N6: =IF(OR(K6="",K6=0),"",G6/K6*10000)
C7: =IF(B7="","",IFERROR(VLOOKUP(B7,Accounts!$A:$D,4,FALSE),"")) | K7: =IF(B7="","",SUMIFS(Videos!$F:$F,Videos!$B:$B,B7,Videos!$E:$E,A7)) | L7: =IF(OR(K7="",K7=0),"",(D7+E7)/K7*1000) | M7: =IF(OR(B7="",D7+E7=0),"",G7/(D7+E7)) | N7: =IF(OR(K7="",K7=0),"",G7/K7*10000)
C8: =IF(B8="","",IFERROR(VLOOKUP(B8,Accounts!$A:$D,4,FALSE),"")) | K8: =IF(B8="","",SUMIFS(Videos!$F:$F,Videos!$B:$B,B8,Videos!$E:$E,A8)) | L8: =IF(OR(K8="",K8=0),"",(D8+E8)/K8*1000) | M8: =IF(OR(B8="",D8+E8=0),"",G8/(D8+E8)) | N8: =IF(OR(K8="",K8=0),"",G8/K8*10000)
C9: =IF(B9="","",IFERROR(VLOOKUP(B9,Accounts!$A:$D,4,FALSE),"")) | K9: =IF(B9="","",SUMIFS(Videos!$F:$F,Videos!$B:$B,B9,Videos!$E:$E,A9)) | L9: =IF(OR(K9="",K9=0),"",(D9+E9)/K9*1000) | M9: =IF(OR(B9="",D9+E9=0),"",G9/(D9+E9)) | N9: =IF(OR(K9="",K9=0),"",G9/K9*10000)
C10: =IF(B10="","",IFERROR(VLOOKUP(B10,Accounts!$A:$D,4,FALSE),"")) | K10: =IF(B10="","",SUMIFS(Videos!$F:$F,Videos!$B:$B,B10,Videos!$E:$E,A10)) | L10: =IF(OR(K10="",K10=0),"",(D10+E10)/K10*1000) | M10: =IF(OR(B10="",D10+E10=0),"",G10/(D10+E10)) | N10: =IF(OR(K10="",K10=0),"",G10/K10*10000)
C11: =IF(B11="","",IFERROR(VLOOKUP(B11,Accounts!$A:$D,4,FALSE),"")) | K11: =IF(B11="","",SUMIFS(Videos!$F:$F,Videos!$B:$B,B11,Videos!$E:$E,A11)) | L11: =IF(OR(K11="",K11=0),"",(D11+E11)/K11*1000) | M11: =IF(OR(B11="",D11+E11=0),"",G11/(D11+E11)) | N11: =IF(OR(K11="",K11=0),"",G11/K11*10000)
C12: =IF(B12="","",IFERROR(VLOOKUP(B12,Accounts!$A:$D,4,FALSE),"")) | K12: =IF(B12="","",SUMIFS(Videos!$F:$F,Videos!$B:$B,B12,Videos!$E:$E,A12)) | L12: =IF(OR(K12="",K12=0),"",(D12+E12)/K12*1000) | M12: =IF(OR(B12="",D12+E12=0),"",G12/(D12+E12)) | N12: =IF(OR(K12="",K12=0),"",G12/K12*10000)
C13: =IF(B13="","",IFERROR(VLOOKUP(B13,Accounts!$A:$D,4,FALSE),"")) | K13: =IF(B13="","",SUMIFS(Videos!$F:$F,Videos!$B:$B,B13,Videos!$E:$E,A13)) | L13: =IF(OR(K13="",K13=0),"",(D13+E13)/K13*1000) | M13: =IF(OR(B13="",D13+E13=0),"",G13/(D13+E13)) | N13: =IF(OR(K13="",K13=0),"",G13/K13*10000)
C14: =IF(B14="","",IFERROR(VLOOKUP(B14,Accounts!$A:$D,4,FALSE),"")) | K14: =IF(B14="","",SUMIFS(Videos!$F:$F,Videos!$B:$B,B14,Videos!$E:$E,A14)) | L14: =IF(OR(K14="",K14=0),"",(D14+E14)/K14*1000) | M14: =IF(OR(B14="",D14+E14=0),"",G14/(D14+E14)) | N14: =IF(OR(K14="",K14=0),"",G14/K14*10000)
C15: =IF(B15="","",IFERROR(VLOOKUP(B15,Accounts!$A:$D,4,FALSE),"")) | K15: =IF(B15="","",SUMIFS(Videos!$F:$F,Videos!$B:$B,B15,Videos!$E:$E,A15)) | L15: =IF(OR(K15="",K15=0),"",(D15+E15)/K15*1000) | M15: =IF(OR(B15="",D15+E15=0),"",G15/(D15+E15)) | N15: =IF(OR(K15="",K15=0),"",G15/K15*10000)
C16: =IF(B16="","",IFERROR(VLOOKUP(B16,Accounts!$A:$D,4,FALSE),"")) | K16: =IF(B16="","",SUMIFS(Videos!$F:$F,Videos!$B:$B,B16,Videos!$E:$E,A16)) | L16: =IF(OR(K16="",K16=0),"",(D16+E16)/K16*1000) | M16: =IF(OR(B16="",D16+E16=0),"",G16/(D16+E16)) | N16: =IF(OR(K16="",K16=0),"",G16/K16*10000)
... C401: =IF(B401="","",IFERROR(VLOOKUP(B401,Accounts!$A:$D,4,FALSE),"")) | K401: =IF(B401="","",SUMIFS(Videos!$F:$F,Videos!$B:$B,B401,Videos!$E:$E,A401)) | L401: =IF(OR(K401="",K401=0),"",(D401+E401)/K401*1000) | M401: =IF(OR(B401="",D401+E401=0),"",G401/(D401+E401)) | N401: =IF(OR(K401="",K401=0),"",G401/K401*10000)

Sheet Baseline
A1: territory | B1: avg_daily_search_installs_14d_before_test
A2: US | B2: 4
A3: GB
A4: CA
A5: AU
A6: ID
A7: PK
A8: IN
A9: SA
A10: AE
A11: TR

Sheet Search
A1: date | B1: territory | C1: search_installs | D1: baseline | E1: uplift | F1: views_all_videos_that_day | G1: uplift_per_1k_views
A2: 46319 | B2: US | C2: 19 | D2: =IF(B2="","",IFERROR(VLOOKUP(B2,Baseline!$A:$B,2,FALSE),0)) | E2: =IF(B2="","",MAX(0,N(C2)-N(D2))) | F2: =IF(A2="","",SUMIFS(Videos!$F:$F,Videos!$E:$E,A2)) | G2: =IF(OR(F2="",F2=0),"",E2/F2*1000)
D3: =IF(B3="","",IFERROR(VLOOKUP(B3,Baseline!$A:$B,2,FALSE),0)) | E3: =IF(B3="","",MAX(0,N(C3)-N(D3))) | F3: =IF(A3="","",SUMIFS(Videos!$F:$F,Videos!$E:$E,A3)) | G3: =IF(OR(F3="",F3=0),"",E3/F3*1000)
D4: =IF(B4="","",IFERROR(VLOOKUP(B4,Baseline!$A:$B,2,FALSE),0)) | E4: =IF(B4="","",MAX(0,N(C4)-N(D4))) | F4: =IF(A4="","",SUMIFS(Videos!$F:$F,Videos!$E:$E,A4)) | G4: =IF(OR(F4="",F4=0),"",E4/F4*1000)
D5: =IF(B5="","",IFERROR(VLOOKUP(B5,Baseline!$A:$B,2,FALSE),0)) | E5: =IF(B5="","",MAX(0,N(C5)-N(D5))) | F5: =IF(A5="","",SUMIFS(Videos!$F:$F,Videos!$E:$E,A5)) | G5: =IF(OR(F5="",F5=0),"",E5/F5*1000)
D6: =IF(B6="","",IFERROR(VLOOKUP(B6,Baseline!$A:$B,2,FALSE),0)) | E6: =IF(B6="","",MAX(0,N(C6)-N(D6))) | F6: =IF(A6="","",SUMIFS(Videos!$F:$F,Videos!$E:$E,A6)) | G6: =IF(OR(F6="",F6=0),"",E6/F6*1000)
D7: =IF(B7="","",IFERROR(VLOOKUP(B7,Baseline!$A:$B,2,FALSE),0)) | E7: =IF(B7="","",MAX(0,N(C7)-N(D7))) | F7: =IF(A7="","",SUMIFS(Videos!$F:$F,Videos!$E:$E,A7)) | G7: =IF(OR(F7="",F7=0),"",E7/F7*1000)
D8: =IF(B8="","",IFERROR(VLOOKUP(B8,Baseline!$A:$B,2,FALSE),0)) | E8: =IF(B8="","",MAX(0,N(C8)-N(D8))) | F8: =IF(A8="","",SUMIFS(Videos!$F:$F,Videos!$E:$E,A8)) | G8: =IF(OR(F8="",F8=0),"",E8/F8*1000)
D9: =IF(B9="","",IFERROR(VLOOKUP(B9,Baseline!$A:$B,2,FALSE),0)) | E9: =IF(B9="","",MAX(0,N(C9)-N(D9))) | F9: =IF(A9="","",SUMIFS(Videos!$F:$F,Videos!$E:$E,A9)) | G9: =IF(OR(F9="",F9=0),"",E9/F9*1000)
D10: =IF(B10="","",IFERROR(VLOOKUP(B10,Baseline!$A:$B,2,FALSE),0)) | E10: =IF(B10="","",MAX(0,N(C10)-N(D10))) | F10: =IF(A10="","",SUMIFS(Videos!$F:$F,Videos!$E:$E,A10)) | G10: =IF(OR(F10="",F10=0),"",E10/F10*1000)
D11: =IF(B11="","",IFERROR(VLOOKUP(B11,Baseline!$A:$B,2,FALSE),0)) | E11: =IF(B11="","",MAX(0,N(C11)-N(D11))) | F11: =IF(A11="","",SUMIFS(Videos!$F:$F,Videos!$E:$E,A11)) | G11: =IF(OR(F11="",F11=0),"",E11/F11*1000)
D12: =IF(B12="","",IFERROR(VLOOKUP(B12,Baseline!$A:$B,2,FALSE),0)) | E12: =IF(B12="","",MAX(0,N(C12)-N(D12))) | F12: =IF(A12="","",SUMIFS(Videos!$F:$F,Videos!$E:$E,A12)) | G12: =IF(OR(F12="",F12=0),"",E12/F12*1000)
D13: =IF(B13="","",IFERROR(VLOOKUP(B13,Baseline!$A:$B,2,FALSE),0)) | E13: =IF(B13="","",MAX(0,N(C13)-N(D13))) | F13: =IF(A13="","",SUMIFS(Videos!$F:$F,Videos!$E:$E,A13)) | G13: =IF(OR(F13="",F13=0),"",E13/F13*1000)
D14: =IF(B14="","",IFERROR(VLOOKUP(B14,Baseline!$A:$B,2,FALSE),0)) | E14: =IF(B14="","",MAX(0,N(C14)-N(D14))) | F14: =IF(A14="","",SUMIFS(Videos!$F:$F,Videos!$E:$E,A14)) | G14: =IF(OR(F14="",F14=0),"",E14/F14*1000)
... D401: =IF(B401="","",IFERROR(VLOOKUP(B401,Baseline!$A:$B,2,FALSE),0)) | E401: =IF(B401="","",MAX(0,N(C401)-N(D401))) | F401: =IF(A401="","",SUMIFS(Videos!$F:$F,Videos!$E:$E,A401)) | G401: =IF(OR(F401="",F401=0),"",E401/F401*1000)
